"","year","nation","source","month","catch"
"1","2007","Canada","freezer-trawler","1",0.0049895164
"2","2008","Canada","freezer-trawler","1",0
"3","2009","Canada","freezer-trawler","1",171.603076768
"4","2010","Canada","freezer-trawler","1",4.5921694576
"5","2011","Canada","freezer-trawler","1",0.3011853536
"6","2012","Canada","freezer-trawler","1",0.1691899652
"7","2013","Canada","freezer-trawler","1",0
"8","2014","Canada","freezer-trawler","1",4.8597889736
"9","2015","Canada","freezer-trawler","1",9.8751601404
"10","2016","Canada","freezer-trawler","1",36.7532313948
"11","2017","Canada","freezer-trawler","1",0.2590012604
"12","2018","Canada","freezer-trawler","1",0.1419744212
"13","2019","Canada","freezer-trawler","1",0.1260986872
"14","2020","Canada","freezer-trawler","1",0
"15","2007","Canada","freezer-trawler","2",0.8645471144
"16","2008","Canada","freezer-trawler","2",68.3219016576
"17","2009","Canada","freezer-trawler","2",18.0883577272
"18","2010","Canada","freezer-trawler","2",19.3588700396
"19","2011","Canada","freezer-trawler","2",2.703410704
"20","2012","Canada","freezer-trawler","2",4.9173952084
"21","2013","Canada","freezer-trawler","2",0
"22","2014","Canada","freezer-trawler","2",3.256793432
"23","2015","Canada","freezer-trawler","2",0.3284008976
"24","2016","Canada","freezer-trawler","2",0.3497197404
"25","2017","Canada","freezer-trawler","2",0.6196072184
"26","2018","Canada","freezer-trawler","2",0.195044732
"27","2019","Canada","freezer-trawler","2",0.3914502412
"28","2020","Canada","freezer-trawler","2",4.0297148816
"29","2007","Canada","freezer-trawler","3",0.0258547668
"30","2008","Canada","freezer-trawler","3",52.5808846004
"31","2009","Canada","freezer-trawler","3",0
"32","2010","Canada","freezer-trawler","3",12.8602517248
"33","2011","Canada","freezer-trawler","3",7.5858792976
"34","2012","Canada","freezer-trawler","3",3.0785316188
"35","2013","Canada","freezer-trawler","3",0
"36","2014","Canada","freezer-trawler","3",0.2535581516
"37","2015","Canada","freezer-trawler","3",5.1791180232
"38","2016","Canada","freezer-trawler","3",269.3540533376
"39","2017","Canada","freezer-trawler","3",0.1115837304
"40","2018","Canada","freezer-trawler","3",0.0752963384
"41","2019","Canada","freezer-trawler","3",10.18314938
"42","2020","Canada","freezer-trawler","3",21.5007333524
"43","2007","Canada","freezer-trawler","4",0.0390089464
"44","2008","Canada","freezer-trawler","4",1050.1448774852
"45","2009","Canada","freezer-trawler","4",649.610087698
"46","2010","Canada","freezer-trawler","4",362.5967750436
"47","2011","Canada","freezer-trawler","4",0
"48","2012","Canada","freezer-trawler","4",76.9537650296
"49","2013","Canada","freezer-trawler","4",0
"50","2014","Canada","freezer-trawler","4",0.3556164416
"51","2015","Canada","freezer-trawler","4",119.4009418216
"52","2016","Canada","freezer-trawler","4",1899.6526822708
"53","2017","Canada","freezer-trawler","4",4.1603494928
"54","2018","Canada","freezer-trawler","4",667.0448187768
"55","2019","Canada","freezer-trawler","4",800.5796997824
"56","2020","Canada","freezer-trawler","4",1382.2067193456
"57","2007","Canada","freezer-trawler","5",2740.7173181228
"58","2008","Canada","freezer-trawler","5",1237.2857619152
"59","2009","Canada","freezer-trawler","5",681.5720225716
"60","2010","Canada","freezer-trawler","5",2855.1641237516
"61","2011","Canada","freezer-trawler","5",2841.58628885
"62","2012","Canada","freezer-trawler","5",1567.4683704624
"63","2013","Canada","freezer-trawler","5",2055.2970176296
"64","2014","Canada","freezer-trawler","5",2472.7648653012
"65","2015","Canada","freezer-trawler","5",1342.1853547088
"66","2016","Canada","freezer-trawler","5",4836.2892585408
"67","2017","Canada","freezer-trawler","5",4819.133486788
"68","2018","Canada","freezer-trawler","5",6150.0216691824
"69","2019","Canada","freezer-trawler","5",7545.8093985764
"70","2020","Canada","freezer-trawler","5",5069.0914755092
"71","2007","Canada","freezer-trawler","6",1401.5991552228
"72","2008","Canada","freezer-trawler","6",1983.716054578
"73","2009","Canada","freezer-trawler","6",2508.8272754708
"74","2010","Canada","freezer-trawler","6",503.9983090424
"75","2011","Canada","freezer-trawler","6",1987.2944450216
"76","2012","Canada","freezer-trawler","6",1519.2855177724
"77","2013","Canada","freezer-trawler","6",3271.6789737908
"78","2014","Canada","freezer-trawler","6",2775.1517851688
"79","2015","Canada","freezer-trawler","6",2525.4423650828
"80","2016","Canada","freezer-trawler","6",6626.5395362632
"81","2017","Canada","freezer-trawler","6",5758.441700556
"82","2018","Canada","freezer-trawler","6",5542.0717754624
"83","2019","Canada","freezer-trawler","6",5189.768372752
"84","2020","Canada","freezer-trawler","6",5947.891370302
"85","2007","Canada","freezer-trawler","7",1795.844886384
"86","2008","Canada","freezer-trawler","7",2692.0795122556
"87","2009","Canada","freezer-trawler","7",1964.5916918092
"88","2010","Canada","freezer-trawler","7",1967.5418567788
"89","2011","Canada","freezer-trawler","7",1630.2441978452
"90","2012","Canada","freezer-trawler","7",1964.696925246
"91","2013","Canada","freezer-trawler","7",2648.0756063468
"92","2014","Canada","freezer-trawler","7",4416.9181371588
"93","2015","Canada","freezer-trawler","7",3955.6033265488
"94","2016","Canada","freezer-trawler","7",5366.3351111532
"95","2017","Canada","freezer-trawler","7",6680.619997338
"96","2018","Canada","freezer-trawler","7",6064.7091034056
"97","2019","Canada","freezer-trawler","7",8196.0717521456
"98","2020","Canada","freezer-trawler","7",5643.886939936
"99","2007","Canada","freezer-trawler","8",1969.493664876
"100","2008","Canada","freezer-trawler","8",1634.0162722436
"101","2009","Canada","freezer-trawler","8",2254.054857016
"102","2010","Canada","freezer-trawler","8",1266.854089694
"103","2011","Canada","freezer-trawler","8",1528.479382128
"104","2012","Canada","freezer-trawler","8",2530.3180297904
"105","2013","Canada","freezer-trawler","8",3247.4190378692
"106","2014","Canada","freezer-trawler","8",3793.5166183328
"107","2015","Canada","freezer-trawler","8",4790.8819377464
"108","2016","Canada","freezer-trawler","8",5054.2694366544
"109","2017","Canada","freezer-trawler","8",6768.2862540784
"110","2018","Canada","freezer-trawler","8",6596.3847135112
"111","2019","Canada","freezer-trawler","8",6404.8702911604
"112","2020","Canada","freezer-trawler","8",6546.8211255556
"113","2007","Canada","freezer-trawler","9",1554.6779719672
"114","2008","Canada","freezer-trawler","9",898.3025536232
"115","2009","Canada","freezer-trawler","9",2984.1462978384
"116","2010","Canada","freezer-trawler","9",1676.6421644412
"117","2011","Canada","freezer-trawler","9",2714.1685549508
"118","2012","Canada","freezer-trawler","9",2012.6702182472
"119","2013","Canada","freezer-trawler","9",2847.5954809652
"120","2014","Canada","freezer-trawler","9",4638.9112472352
"121","2015","Canada","freezer-trawler","9",4606.9783422752
"122","2016","Canada","freezer-trawler","9",5096.4027275056
"123","2017","Canada","freezer-trawler","9",6436.12462189
"124","2018","Canada","freezer-trawler","9",6283.1569352836
"125","2019","Canada","freezer-trawler","9",5467.8486366808
"126","2020","Canada","freezer-trawler","9",5941.037589138
"127","2007","Canada","freezer-trawler","10",2820.3549893832
"128","2008","Canada","freezer-trawler","10",2069.0835050352
"129","2009","Canada","freezer-trawler","10",1933.4416873316
"130","2010","Canada","freezer-trawler","10",2690.7223637948
"131","2011","Canada","freezer-trawler","10",1600.0181610864
"132","2012","Canada","freezer-trawler","10",3371.0819338812
"133","2013","Canada","freezer-trawler","10",3681.8916110244
"134","2014","Canada","freezer-trawler","10",3377.3986616436
"135","2015","Canada","freezer-trawler","10",2935.112505806
"136","2016","Canada","freezer-trawler","10",5048.3827144872
"137","2017","Canada","freezer-trawler","10",4680.8231849952
"138","2018","Canada","freezer-trawler","10",6103.1841715508
"139","2019","Canada","freezer-trawler","10",5620.3559270012
"140","2020","Canada","freezer-trawler","10",5472.3124394892
"141","2007","Canada","freezer-trawler","11",1138.86845811
"142","2008","Canada","freezer-trawler","11",1208.7089871228
"143","2009","Canada","freezer-trawler","11",51.5385292652
"144","2010","Canada","freezer-trawler","11",1521.548490256
"145","2011","Canada","freezer-trawler","11",1976.8278003916
"146","2012","Canada","freezer-trawler","11",1448.15043605
"147","2013","Canada","freezer-trawler","11",741.0443365052
"148","2014","Canada","freezer-trawler","11",308.3716179932
"149","2015","Canada","freezer-trawler","11",2115.2301814416
"150","2016","Canada","freezer-trawler","11",494.6030496612
"151","2017","Canada","freezer-trawler","11",2535.0793892132
"152","2018","Canada","freezer-trawler","11",4247.4895823564
"153","2019","Canada","freezer-trawler","11",4413.1873396688
"154","2020","Canada","freezer-trawler","11",2836.4906318284
"155","2007","Canada","freezer-trawler","12",699.0375979336
"156","2008","Canada","freezer-trawler","12",320.1173931912
"157","2009","Canada","freezer-trawler","12",5.7193465716
"158","2010","Canada","freezer-trawler","12",690.8321114176
"159","2011","Canada","freezer-trawler","12",306.6089579268
"160","2012","Canada","freezer-trawler","12",413.3641972288
"161","2013","Canada","freezer-trawler","12",90.7157584456
"162","2014","Canada","freezer-trawler","12",0.281227288
"163","2015","Canada","freezer-trawler","12",502.7600017904
"164","2016","Canada","freezer-trawler","12",2.1232660244
"165","2017","Canada","freezer-trawler","12",2.4190082692
"166","2018","Canada","freezer-trawler","12",287.5109035172
"167","2019","Canada","freezer-trawler","12",300.940413704
"168","2020","Canada","freezer-trawler","12",946.5094467104
"169","2007","Canada","JV","1",0
"170","2008","Canada","JV","1",0
"171","2009","Canada","JV","1",0
"172","2010","Canada","JV","1",0
"173","2011","Canada","JV","1",0
"174","2012","Canada","JV","1",0
"175","2013","Canada","JV","1",0
"176","2014","Canada","JV","1",0
"177","2015","Canada","JV","1",0
"178","2016","Canada","JV","1",0
"179","2017","Canada","JV","1",0
"180","2018","Canada","JV","1",0
"181","2007","Canada","JV","2",0
"182","2008","Canada","JV","2",0
"183","2009","Canada","JV","2",0
"184","2010","Canada","JV","2",0
"185","2011","Canada","JV","2",0
"186","2012","Canada","JV","2",0
"187","2013","Canada","JV","2",0
"188","2014","Canada","JV","2",0
"189","2015","Canada","JV","2",0
"190","2016","Canada","JV","2",0
"191","2017","Canada","JV","2",0
"192","2018","Canada","JV","2",0
"193","2007","Canada","JV","3",0
"194","2008","Canada","JV","3",0
"195","2009","Canada","JV","3",0
"196","2010","Canada","JV","3",0
"197","2011","Canada","JV","3",0
"198","2012","Canada","JV","3",0
"199","2013","Canada","JV","3",0
"200","2014","Canada","JV","3",0
"201","2015","Canada","JV","3",0
"202","2016","Canada","JV","3",0
"203","2017","Canada","JV","3",0
"204","2018","Canada","JV","3",0
"205","2007","Canada","JV","4",0
"206","2008","Canada","JV","4",0
"207","2009","Canada","JV","4",0
"208","2010","Canada","JV","4",0
"209","2011","Canada","JV","4",0
"210","2012","Canada","JV","4",0
"211","2013","Canada","JV","4",0
"212","2014","Canada","JV","4",0
"213","2015","Canada","JV","4",0
"214","2016","Canada","JV","4",0
"215","2017","Canada","JV","4",0
"216","2018","Canada","JV","4",0
"217","2007","Canada","JV","5",0
"218","2008","Canada","JV","5",0
"219","2009","Canada","JV","5",0
"220","2010","Canada","JV","5",0
"221","2011","Canada","JV","5",0
"222","2012","Canada","JV","5",0
"223","2013","Canada","JV","5",0
"224","2014","Canada","JV","5",0
"225","2015","Canada","JV","5",0
"226","2016","Canada","JV","5",0
"227","2017","Canada","JV","5",0
"228","2018","Canada","JV","5",0
"229","2007","Canada","JV","6",0
"230","2008","Canada","JV","6",85.087130354
"231","2009","Canada","JV","6",0
"232","2010","Canada","JV","6",0
"233","2011","Canada","JV","6",0
"234","2012","Canada","JV","6",0
"235","2013","Canada","JV","6",0
"236","2014","Canada","JV","6",0
"237","2015","Canada","JV","6",0
"238","2016","Canada","JV","6",0
"239","2017","Canada","JV","6",0
"240","2018","Canada","JV","6",0
"241","2007","Canada","JV","7",0
"242","2008","Canada","JV","7",1734.4810921424
"243","2009","Canada","JV","7",0
"244","2010","Canada","JV","7",0
"245","2011","Canada","JV","7",1402.0727056884
"246","2012","Canada","JV","7",0
"247","2013","Canada","JV","7",0
"248","2014","Canada","JV","7",0
"249","2015","Canada","JV","7",0
"250","2016","Canada","JV","7",0
"251","2017","Canada","JV","7",0
"252","2018","Canada","JV","7",0
"253","2007","Canada","JV","8",1832.3105401972
"254","2008","Canada","JV","8",1517.681615046
"255","2009","Canada","JV","8",0
"256","2010","Canada","JV","8",4686.6758877324
"257","2011","Canada","JV","8",4957.456489168
"258","2012","Canada","JV","8",0
"259","2013","Canada","JV","8",0
"260","2014","Canada","JV","8",0
"261","2015","Canada","JV","8",0
"262","2016","Canada","JV","8",0
"263","2017","Canada","JV","8",283.2466813648
"264","2018","Canada","JV","8",390.8691893356
"265","2007","Canada","JV","9",3051.8712718976
"266","2008","Canada","JV","9",255.0318733076
"267","2009","Canada","JV","9",0
"268","2010","Canada","JV","9",3394.7744257104
"269","2011","Canada","JV","9",3357.0822580476
"270","2012","Canada","JV","9",0
"271","2013","Canada","JV","9",0
"272","2014","Canada","JV","9",0
"273","2015","Canada","JV","9",0
"274","2016","Canada","JV","9",0
"275","2017","Canada","JV","9",5324.2689519772
"276","2018","Canada","JV","9",2332.8443104884
"277","2007","Canada","JV","10",1936.2086009716
"278","2008","Canada","JV","10",0
"279","2009","Canada","JV","10",0
"280","2010","Canada","JV","10",0
"281","2011","Canada","JV","10",0
"282","2012","Canada","JV","10",0
"283","2013","Canada","JV","10",0
"284","2014","Canada","JV","10",0
"285","2015","Canada","JV","10",0
"286","2016","Canada","JV","10",0
"287","2017","Canada","JV","10",0
"288","2018","Canada","JV","10",0
"289","2007","Canada","JV","11",0
"290","2008","Canada","JV","11",0
"291","2009","Canada","JV","11",0
"292","2010","Canada","JV","11",0
"293","2011","Canada","JV","11",0
"294","2012","Canada","JV","11",0
"295","2013","Canada","JV","11",0
"296","2014","Canada","JV","11",0
"297","2015","Canada","JV","11",0
"298","2016","Canada","JV","11",0
"299","2017","Canada","JV","11",0
"300","2018","Canada","JV","11",0
"301","2007","Canada","JV","12",0
"302","2008","Canada","JV","12",0
"303","2009","Canada","JV","12",0
"304","2010","Canada","JV","12",0
"305","2011","Canada","JV","12",0
"306","2012","Canada","JV","12",0
"307","2013","Canada","JV","12",0
"308","2014","Canada","JV","12",0
"309","2015","Canada","JV","12",0
"310","2016","Canada","JV","12",0
"311","2017","Canada","JV","12",0
"312","2018","Canada","JV","12",0
"313","2007","Canada","shoreside","1",3.3035134492
"314","2008","Canada","shoreside","1",11.289914836
"315","2009","Canada","shoreside","1",4.0020457452
"316","2010","Canada","shoreside","1",18.1359849292
"317","2011","Canada","shoreside","1",9.9726825064
"318","2012","Canada","shoreside","1",3.422354658
"319","2013","Canada","shoreside","1",1.7005179076
"320","2014","Canada","shoreside","1",3.5008261432
"321","2015","Canada","shoreside","1",4.667465796
"322","2016","Canada","shoreside","1",5.5233946548
"323","2017","Canada","shoreside","1",1.124909152
"324","2018","Canada","shoreside","1",1.2478326924
"325","2019","Canada","shoreside","1",2.8263342444
"326","2020","Canada","shoreside","1",0.0190508808
"327","2007","Canada","shoreside","2",2.6018060064
"328","2008","Canada","shoreside","2",71.1781730004
"329","2009","Canada","shoreside","2",6.3466648608
"330","2010","Canada","shoreside","2",58.9797125872
"331","2011","Canada","shoreside","2",3.8423812204
"332","2012","Canada","shoreside","2",3.3461511348
"333","2013","Canada","shoreside","2",2.7700887868
"334","2014","Canada","shoreside","2",3.1325091144
"335","2015","Canada","shoreside","2",2.3627628116
"336","2016","Canada","shoreside","2",8.9076475512
"337","2017","Canada","shoreside","2",3.4527453488
"338","2018","Canada","shoreside","2",2.6766487524
"339","2019","Canada","shoreside","2",24.1011785816
"340","2020","Canada","shoreside","2",17.8892306636
"341","2007","Canada","shoreside","3",2.6698448664
"342","2008","Canada","shoreside","3",2.1994695476
"343","2009","Canada","shoreside","3",2.7356157644
"344","2010","Canada","shoreside","3",2.8993626208
"345","2011","Canada","shoreside","3",1.852924954
"346","2012","Canada","shoreside","3",3.6096883192
"347","2013","Canada","shoreside","3",0.1161196544
"348","2014","Canada","shoreside","3",1.3408191344
"349","2015","Canada","shoreside","3",0.5066627108
"350","2016","Canada","shoreside","3",66.7311531108
"351","2017","Canada","shoreside","3",1.9236853684
"352","2018","Canada","shoreside","3",1.0124182368
"353","2019","Canada","shoreside","3",24.466774056
"354","2020","Canada","shoreside","3",33.0423919704
"355","2007","Canada","shoreside","4",519.3705554784
"356","2008","Canada","shoreside","4",27.4554943796
"357","2009","Canada","shoreside","4",4.68334153
"358","2010","Canada","shoreside","4",2.3482478548
"359","2011","Canada","shoreside","4",7.039754048
"360","2012","Canada","shoreside","4",3.374727456
"361","2013","Canada","shoreside","4",27.8138323756
"362","2014","Canada","shoreside","4",1.0496128136
"363","2015","Canada","shoreside","4",5.8050755352
"364","2016","Canada","shoreside","4",1736.3703044884
"365","2017","Canada","shoreside","4",815.9773473928
"366","2018","Canada","shoreside","4",1233.852974632
"367","2019","Canada","shoreside","4",301.7219534092
"368","2020","Canada","shoreside","4",747.1945958568
"369","2007","Canada","shoreside","5",1201.5930295516
"370","2008","Canada","shoreside","5",213.784902006
"371","2009","Canada","shoreside","5",205.7712850752
"372","2010","Canada","shoreside","5",1561.6356257908
"373","2011","Canada","shoreside","5",430.6660257344
"374","2012","Canada","shoreside","5",391.3377502848
"375","2013","Canada","shoreside","5",1183.6216986636
"376","2014","Canada","shoreside","5",2483.0310220904
"377","2015","Canada","shoreside","5",1452.5090054216
"378","2016","Canada","shoreside","5",5830.9702181312
"379","2017","Canada","shoreside","5",6160.1190895988
"380","2018","Canada","shoreside","5",6672.8685568144
"381","2019","Canada","shoreside","5",5428.7907023016
"382","2020","Canada","shoreside","5",5298.9829900468
"383","2007","Canada","shoreside","6",755.6831240304
"384","2008","Canada","shoreside","6",1370.9630709344
"385","2009","Canada","shoreside","6",246.409535376
"386","2010","Canada","shoreside","6",1736.9037291508
"387","2011","Canada","shoreside","6",113.0134536448
"388","2012","Canada","shoreside","6",115.6007446944
"389","2013","Canada","shoreside","6",2859.3811722944
"390","2014","Canada","shoreside","6",3269.7584635692
"391","2015","Canada","shoreside","6",2801.8484194632
"392","2016","Canada","shoreside","6",7903.6883590676
"393","2017","Canada","shoreside","6",7435.0085686588
"394","2018","Canada","shoreside","6",12365.5756467624
"395","2019","Canada","shoreside","6",8326.47094889
"396","2020","Canada","shoreside","6",8136.839842184
"397","2007","Canada","shoreside","7",3661.1656134912
"398","2008","Canada","shoreside","7",9731.8766515336
"399","2009","Canada","shoreside","7",8556.576105448
"400","2010","Canada","shoreside","7",7230.6842433396
"401","2011","Canada","shoreside","7",1916.9145946452
"402","2012","Canada","shoreside","7",1253.7303007848
"403","2013","Canada","shoreside","7",2879.2249326096
"404","2014","Canada","shoreside","7",3399.2277958936
"405","2015","Canada","shoreside","7",5998.8225393436
"406","2016","Canada","shoreside","7",6220.1593012172
"407","2017","Canada","shoreside","7",11336.9287810752
"408","2018","Canada","shoreside","7",11588.111015684
"409","2019","Canada","shoreside","7",9925.9633963848
"410","2020","Canada","shoreside","7",11762.5372515496
"411","2007","Canada","shoreside","8",13899.116666482
"412","2008","Canada","shoreside","8",12904.0265665468
"413","2009","Canada","shoreside","8",13904.124326578
"414","2010","Canada","shoreside","8",10220.4995389932
"415","2011","Canada","shoreside","8",7937.377120208
"416","2012","Canada","shoreside","8",9543.7532859652
"417","2013","Canada","shoreside","8",10425.8181388532
"418","2014","Canada","shoreside","8",418.1627512284
"419","2015","Canada","shoreside","8",3765.8724295148
"420","2016","Canada","shoreside","8",2340.947285122
"421","2017","Canada","shoreside","8",8908.0371870716
"422","2018","Canada","shoreside","8",7995.0504866832
"423","2019","Canada","shoreside","8",10522.7417628852
"424","2020","Canada","shoreside","8",9776.1744853176
"425","2007","Canada","shoreside","9",20019.1912582316
"426","2008","Canada","shoreside","9",12073.2353449624
"427","2009","Canada","shoreside","9",12834.6015281724
"428","2010","Canada","shoreside","9",8595.0733996208
"429","2011","Canada","shoreside","9",7728.1517290068
"430","2012","Canada","shoreside","9",11459.9702554992
"431","2013","Canada","shoreside","9",11614.5300514296
"432","2014","Canada","shoreside","9",1669.303946594
"433","2015","Canada","shoreside","9",1990.1089858636
"434","2016","Canada","shoreside","9",8057.3740824432
"435","2017","Canada","shoreside","9",5362.0740641476
"436","2018","Canada","shoreside","9",6120.5086796764
"437","2019","Canada","shoreside","9",7843.3492300576
"438","2020","Canada","shoreside","9",6765.8286904552
"439","2007","Canada","shoreside","10",9170.8985187956
"440","2008","Canada","shoreside","10",17728.1391371096
"441","2009","Canada","shoreside","10",7135.5024141236
"442","2010","Canada","shoreside","10",4656.4448614572
"443","2011","Canada","shoreside","10",9493.516566888
"444","2012","Canada","shoreside","10",7940.1363227772
"445","2013","Canada","shoreside","10",4666.9287425984
"446","2014","Canada","shoreside","10",2066.2304088392
"447","2015","Canada","shoreside","10",630.62951372
"448","2016","Canada","shoreside","10",2808.8201346512
"449","2017","Canada","shoreside","10",3326.9115595616
"450","2018","Canada","shoreside","10",4758.293138176
"451","2019","Canada","shoreside","10",5359.822431474
"452","2020","Canada","shoreside","10",6473.1676988284
"453","2007","Canada","shoreside","11",2860.6820752976
"454","2008","Canada","shoreside","11",3384.7309827896
"455","2009","Canada","shoreside","11",1143.1739571708
"456","2010","Canada","shoreside","11",1258.9969621412
"457","2011","Canada","shoreside","11",4110.359074396
"458","2012","Canada","shoreside","11",1407.5716063536
"459","2013","Canada","shoreside","11",1.422012174
"460","2014","Canada","shoreside","11",9.096795582
"461","2015","Canada","shoreside","11",27.880056866
"462","2016","Canada","shoreside","11",24.8831718792
"463","2017","Canada","shoreside","11",70.7327452636
"464","2018","Canada","shoreside","11",5.0829564344
"465","2019","Canada","shoreside","11",2813.7026032448
"466","2020","Canada","shoreside","11",2516.7488131444
"467","2007","Canada","shoreside","12",527.4472217528
"468","2008","Canada","shoreside","12",279.8402024408
"469","2009","Canada","shoreside","12",92.0960401188
"470","2010","Canada","shoreside","12",19.4786184332
"471","2011","Canada","shoreside","12",7.640763978
"472","2012","Canada","shoreside","12",21.2226812112
"473","2013","Canada","shoreside","12",2.0375370608
"474","2014","Canada","shoreside","12",2.345072708
"475","2015","Canada","shoreside","12",93.9807165408
"476","2016","Canada","shoreside","12",7.4216788488
"477","2017","Canada","shoreside","12",4.8588817888
"478","2018","Canada","shoreside","12",2.8771365932
"479","2019","Canada","shoreside","12",47.246184384
"480","2020","Canada","shoreside","12",22.182936322
"481","2008","US","catcher-processor","5",26911.87656
"482","2008","US","catcher-processor","6",14622.89373
"483","2008","US","catcher-processor","8",7733.69945
"484","2008","US","catcher-processor","10",19574.73411
"485","2008","US","catcher-processor","11",24159.14318
"486","2008","US","catcher-processor","12",15192.79785
"487","2009","US","catcher-processor","5",805.25324
"488","2009","US","catcher-processor","6",1137.45011
"489","2009","US","catcher-processor","8",6876.74552
"490","2009","US","catcher-processor","9",13904.49942
"491","2009","US","catcher-processor","10",4868.64354
"492","2009","US","catcher-processor","11",4575.82963
"493","2009","US","catcher-processor","12",2383.49941
"494","2010","US","catcher-processor","5",5922.49462
"495","2010","US","catcher-processor","7",154.57776
"496","2010","US","catcher-processor","8",5886.10474
"497","2010","US","catcher-processor","9",15331.47469
"498","2010","US","catcher-processor","10",16014.07115
"499","2010","US","catcher-processor","11",7947.73189
"500","2010","US","catcher-processor","12",3027.98382
"501","2011","US","catcher-processor","5",21388.84818
"502","2011","US","catcher-processor","6",5060.87061
"503","2011","US","catcher-processor","9",3903.06635
"504","2011","US","catcher-processor","10",1457.23171
"505","2011","US","catcher-processor","11",27478.82743
"506","2011","US","catcher-processor","12",12389.37151
"507","2012","US","catcher-processor","5",20341.22688
"508","2012","US","catcher-processor","8",3730.34659
"509","2012","US","catcher-processor","9",16220.46531
"510","2012","US","catcher-processor","10",14971.80307
"511","2013","US","catcher-processor","5",23141.51117
"512","2013","US","catcher-processor","6",4933.9791
"513","2013","US","catcher-processor","8",2871.55418
"514","2013","US","catcher-processor","9",14516.50526
"515","2013","US","catcher-processor","10",20326.41976
"516","2013","US","catcher-processor","11",12159.54583
"517","2014","US","catcher-processor","5",30315.04702
"518","2014","US","catcher-processor","6",4953.21033
"519","2014","US","catcher-processor","8",4596.44127
"520","2014","US","catcher-processor","9",26286.22332
"521","2014","US","catcher-processor","10",31304.31454
"522","2014","US","catcher-processor","11",5748.03042
"523","2015","US","catcher-processor","5",32804.6612
"524","2015","US","catcher-processor","6",9711.33566
"525","2015","US","catcher-processor","9",7014.3678
"526","2015","US","catcher-processor","10",12182.63219
"527","2015","US","catcher-processor","11",6771.34554
"528","2016","US","catcher-processor","5",32570.29078
"529","2016","US","catcher-processor","6",14846.48103
"530","2016","US","catcher-processor","9",18830.41856
"531","2016","US","catcher-processor","10",26310.84706
"532","2016","US","catcher-processor","11",16227.77178
"533","2017","US","catcher-processor","5",25126.19797
"534","2017","US","catcher-processor","6",22893.22596
"535","2017","US","catcher-processor","8",483.0061
"536","2017","US","catcher-processor","9",44174.36114
"537","2017","US","catcher-processor","10",38221.54357
"538","2017","US","catcher-processor","11",6061.68208
"539","2018","US","catcher-processor","5",27237.24841
"540","2018","US","catcher-processor","6",24390.68192
"541","2018","US","catcher-processor","7",106.05051
"542","2018","US","catcher-processor","9",24018.42884
"543","2018","US","catcher-processor","10",28774.9752
"544","2018","US","catcher-processor","11",11545.60102
"545","2019","US","catcher-processor","5",38045.85319
"546","2019","US","catcher-processor","6",31799.82221
"547","2019","US","catcher-processor","8",23.58416
"548","2019","US","catcher-processor","9",11092.01982
"549","2019","US","catcher-processor","10",20605.37431
"550","2019","US","catcher-processor","11",14579.52174
"551","2020","US","catcher-processor","5",40294.01539
"552","2020","US","catcher-processor","6",23938.39765
"553","2020","US","catcher-processor","9",5135.90551
"554","2020","US","catcher-processor","10",21483.89134
"555","2020","US","catcher-processor","11",20294.50611
"556","2008","US","mothership","5",21068.23053
"557","2008","US","mothership","6",11384.48164
"558","2008","US","mothership","7",7520.12217
"559","2008","US","mothership","8",6957.36764
"560","2008","US","mothership","9",5771.91765
"561","2008","US","mothership","10",12496.01032
"562","2008","US","mothership","11",7241.62287
"563","2009","US","mothership","5",23209.80757
"564","2009","US","mothership","6",881.3612
"565","2009","US","mothership","9",560.3889
"566","2009","US","mothership","10",5945.21827
"567","2009","US","mothership","11",3830.41176
"568","2009","US","mothership","12",3122.63059
"569","2010","US","mothership","5",23016.87108
"570","2010","US","mothership","6",10582.9661
"571","2010","US","mothership","7",4258.7764
"572","2010","US","mothership","8",4322.76716
"573","2010","US","mothership","9",5653.08085
"574","2010","US","mothership","10",4187.83859
"575","2011","US","mothership","5",9701.35717
"576","2011","US","mothership","6",8724.59566
"577","2011","US","mothership","7",1393.63964
"578","2011","US","mothership","8",1160.2916
"579","2011","US","mothership","9",7041.27283
"580","2011","US","mothership","10",15997.30074
"581","2011","US","mothership","11",10823.55829
"582","2011","US","mothership","12",1552.47275
"583","2012","US","mothership","5",4268.31366
"584","2012","US","mothership","6",2749.44404
"585","2012","US","mothership","7",617.57219
"586","2012","US","mothership","8",2121.11931
"587","2012","US","mothership","9",5817.87743
"588","2012","US","mothership","10",21645.25374
"589","2012","US","mothership","11",1292.77594
"590","2013","US","mothership","5",6431.73136
"591","2013","US","mothership","6",6633.2543
"592","2013","US","mothership","7",2241.86748
"593","2013","US","mothership","8",1486.92446
"594","2013","US","mothership","9",9449.34342
"595","2013","US","mothership","10",20680.06729
"596","2013","US","mothership","11",5547.24361
"597","2014","US","mothership","5",16753.89042
"598","2014","US","mothership","6",6329.17851
"599","2014","US","mothership","8",109.77248
"600","2014","US","mothership","9",10366.3758
"601","2014","US","mothership","10",19277.84902
"602","2014","US","mothership","11",9264.44838
"603","2015","US","mothership","5",14657.18055
"604","2015","US","mothership","6",9832.21206
"605","2015","US","mothership","9",2450.07301
"606","2015","US","mothership","10",725.5559
"607","2016","US","mothership","5",13194.45036
"608","2016","US","mothership","6",13941.95872
"609","2016","US","mothership","7",6372.91598
"610","2016","US","mothership","8",5065.56321
"611","2016","US","mothership","9",14268.25094
"612","2016","US","mothership","10",12192.72797
"613","2017","US","mothership","5",11875.79414
"614","2017","US","mothership","6",16573.92339
"615","2017","US","mothership","7",730.52445
"616","2017","US","mothership","9",9081.19636
"617","2017","US","mothership","10",25836.63461
"618","2017","US","mothership","11",2329.80965
"619","2018","US","mothership","5",16662.49186
"620","2018","US","mothership","6",22488.62191
"621","2018","US","mothership","9",6556.30737
"622","2018","US","mothership","10",16244.55991
"623","2018","US","mothership","11",5169.18925
"624","2019","US","mothership","5",25762.03392
"625","2019","US","mothership","6",22460.45621
"626","2019","US","mothership","10",2506.13541
"627","2019","US","mothership","11",1917.17707
"628","2020","US","mothership","5",19028.99292
"629","2020","US","mothership","6",13407.84203
"630","2020","US","mothership","7",557.61838
"631","2020","US","mothership","11",4983.08755
"632","2006","US","research","6",0.049895161
"633","2007","US","research","6",0.004535924
"634","2011","US","research","7",131.858848477
"635","2011","US","research","9",797.079728775
"636","2011","US","research","10",113.377680938
"637","2012","US","research","6",149.832899746
"638","2012","US","research","7",298.642041512
"639","2013","US","research","6",140.042108431
"640","2013","US","research","8",877.924857725
"641","2014","US","research","9",196.715299964
"642","2016","US","research","5",0.002267962
"643","2016","US","research","9",745.012767763
"644","2018","US","research","8",0.000453592
"645","1981","US","shoreside","1",0.03856
"646","1981","US","shoreside","4",210.98668
"647","1981","US","shoreside","5",195.55728
"648","1981","US","shoreside","6",246.01036
"649","1981","US","shoreside","7",137.64306
"650","1981","US","shoreside","8",35.48589
"651","1981","US","shoreside","9",8.82056
"652","1981","US","shoreside","10",2.81409
"653","1981","US","shoreside","12",1.12309
"654","1982","US","shoreside","1",5.86631
"655","1982","US","shoreside","2",0.00907
"656","1982","US","shoreside","3",6.44918
"657","1982","US","shoreside","4",117.6605
"658","1982","US","shoreside","5",88.97487
"659","1982","US","shoreside","6",106.89766
"660","1982","US","shoreside","7",63.6762
"661","1982","US","shoreside","8",81.46201
"662","1982","US","shoreside","9",168.11993
"663","1982","US","shoreside","10",312.94608
"664","1982","US","shoreside","11",61.77656
"665","1982","US","shoreside","12",8.96389
"666","1983","US","shoreside","4",140.96109
"667","1983","US","shoreside","5",261.59443
"668","1983","US","shoreside","6",239.00462
"669","1983","US","shoreside","7",69.17102
"670","1983","US","shoreside","8",121.89206
"671","1983","US","shoreside","9",121.83718
"672","1983","US","shoreside","10",75.18883
"673","1983","US","shoreside","11",16.25221
"674","1983","US","shoreside","12",4.89472
"675","1984","US","shoreside","1",0.11884
"676","1984","US","shoreside","2",0.87906
"677","1984","US","shoreside","3",67.90096
"678","1984","US","shoreside","4",138.45181
"679","1984","US","shoreside","5",385.45962
"680","1984","US","shoreside","6",432.96616
"681","1984","US","shoreside","7",785.72495
"682","1984","US","shoreside","8",768.67215
"683","1984","US","shoreside","9",138.32753
"684","1984","US","shoreside","10",1.50593
"685","1984","US","shoreside","11",0.19278
"686","1984","US","shoreside","12",0.47582
"687","1985","US","shoreside","1",0.0635
"688","1985","US","shoreside","2",0.16329
"689","1985","US","shoreside","4",322.45428
"690","1985","US","shoreside","5",1156.3775
"691","1985","US","shoreside","6",742.83507
"692","1985","US","shoreside","7",887.49566
"693","1985","US","shoreside","8",609.33739
"694","1985","US","shoreside","9",173.87828
"695","1985","US","shoreside","10",1.41612
"696","1986","US","shoreside","1",0.56788
"697","1986","US","shoreside","2",1.02391
"698","1986","US","shoreside","3",1.25843
"699","1986","US","shoreside","4",537.16611
"700","1986","US","shoreside","5",1052.4296
"701","1986","US","shoreside","6",890.59245
"702","1986","US","shoreside","7",471.79825
"703","1986","US","shoreside","8",373.66283
"704","1986","US","shoreside","9",38.78671
"705","1986","US","shoreside","10",64.34109
"706","1986","US","shoreside","11",0.22394
"707","1986","US","shoreside","12",0.09241
"708","1987","US","shoreside","1",0.0626
"709","1987","US","shoreside","2",0.36469
"710","1987","US","shoreside","3",29.92893
"711","1987","US","shoreside","4",882.68576
"712","1987","US","shoreside","5",1053.0419
"713","1987","US","shoreside","6",1391.13696
"714","1987","US","shoreside","7",1074.28817
"715","1987","US","shoreside","8",244.86685
"716","1987","US","shoreside","9",53.25174
"717","1987","US","shoreside","10",49.33815
"718","1987","US","shoreside","11",16.29304
"719","1987","US","shoreside","12",0.04491
"720","1988","US","shoreside","3",501.94622
"721","1988","US","shoreside","4",1515.3496
"722","1988","US","shoreside","5",1850.87913
"723","1988","US","shoreside","6",1884.3166
"724","1988","US","shoreside","7",946.44543
"725","1988","US","shoreside","8",40.79156
"726","1988","US","shoreside","9",24.55477
"727","1988","US","shoreside","10",68.76279
"728","1988","US","shoreside","11",0.02268
"729","1988","US","shoreside","12",34.35599
"730","1989","US","shoreside","1",0.03493
"731","1989","US","shoreside","2",0.08029
"732","1989","US","shoreside","3",72.46183
"733","1989","US","shoreside","4",1560.12597
"734","1989","US","shoreside","5",1281.86519
"735","1989","US","shoreside","6",1510.40544
"736","1989","US","shoreside","7",1890.25549
"737","1989","US","shoreside","8",1037.97855
"738","1989","US","shoreside","9",23.46161
"739","1989","US","shoreside","10",21.4141
"740","1989","US","shoreside","11",15.35546
"741","1989","US","shoreside","12",0.15558
"742","1990","US","shoreside","1",0.7897
"743","1990","US","shoreside","2",0.06849
"744","1990","US","shoreside","3",0.13971
"745","1990","US","shoreside","4",323.64859
"746","1990","US","shoreside","5",1525.88519
"747","1990","US","shoreside","6",1852.46625
"748","1990","US","shoreside","7",1935.46776
"749","1990","US","shoreside","8",306.85569
"750","1990","US","shoreside","9",750.36198
"751","1990","US","shoreside","10",979.09591
"752","1990","US","shoreside","11",440.19733
"753","1990","US","shoreside","12",1517.39711
"754","1991","US","shoreside","1",0.10977
"755","1991","US","shoreside","2",0.01542
"756","1991","US","shoreside","3",0.04536
"757","1991","US","shoreside","4",2430.56338
"758","1991","US","shoreside","5",4032.80857
"759","1991","US","shoreside","6",1987.81776
"760","1991","US","shoreside","7",5900.07509
"761","1991","US","shoreside","8",2458.5473
"762","1991","US","shoreside","9",2044.93366
"763","1991","US","shoreside","10",3026.66313
"764","1991","US","shoreside","11",2033.75442
"765","1991","US","shoreside","12",54.66196
"766","1992","US","shoreside","2",0.29121
"767","1992","US","shoreside","3",0.07394
"768","1992","US","shoreside","4",1071.62468
"769","1992","US","shoreside","5",6784.51126
"770","1992","US","shoreside","6",8759.37261
"771","1992","US","shoreside","7",8434.29475
"772","1992","US","shoreside","8",9364.41313
"773","1992","US","shoreside","9",12130.88705
"774","1992","US","shoreside","10",9581.73966
"775","1992","US","shoreside","11",0.03946
"776","1992","US","shoreside","12",0.00136
"777","1993","US","shoreside","1",0.0567
"778","1993","US","shoreside","2",0.03629
"779","1993","US","shoreside","3",4.39213
"780","1993","US","shoreside","4",1489.02174
"781","1993","US","shoreside","5",2697.61634
"782","1993","US","shoreside","6",11320.75747
"783","1993","US","shoreside","7",13085.7625
"784","1993","US","shoreside","8",12309.42645
"785","1993","US","shoreside","9",1200.60684
"786","1993","US","shoreside","10",0.08437
"787","1993","US","shoreside","11",0.0254
"788","1993","US","shoreside","12",0.07575
"789","1994","US","shoreside","1",0.00181
"790","1994","US","shoreside","3",209.90304
"791","1994","US","shoreside","4",1828.21992
"792","1994","US","shoreside","5",9142.82917
"793","1994","US","shoreside","6",13304.272
"794","1994","US","shoreside","7",12383.18556
"795","1994","US","shoreside","8",17298.73796
"796","1994","US","shoreside","9",7418.61389
"797","1994","US","shoreside","10",8676.99071
"798","1994","US","shoreside","11",3353.48369
"799","1994","US","shoreside","12",0.02994
"800","1995","US","shoreside","1",0.02177
"801","1995","US","shoreside","2",0.00408
"802","1995","US","shoreside","3",0.00499
"803","1995","US","shoreside","4",2880.59822
"804","1995","US","shoreside","5",20398.06432
"805","1995","US","shoreside","6",26659.84848
"806","1995","US","shoreside","7",24971.86661
"807","1995","US","shoreside","8",37.50755
"808","1995","US","shoreside","9",7.79907
"809","1995","US","shoreside","10",4.35267
"810","1995","US","shoreside","11",1.1172
"811","1995","US","shoreside","12",0.7643
"812","1996","US","shoreside","1",0.05625
"813","1996","US","shoreside","2",0.44361
"814","1996","US","shoreside","3",154.57702
"815","1996","US","shoreside","4",715.55829
"816","1996","US","shoreside","5",7338.18108
"817","1996","US","shoreside","6",16542.40625
"818","1996","US","shoreside","7",26938.62091
"819","1996","US","shoreside","8",25692.55685
"820","1996","US","shoreside","9",7728.72275
"821","1996","US","shoreside","10",5.10881
"822","1996","US","shoreside","11",8.23814
"823","1996","US","shoreside","12",3.28265
"824","1997","US","shoreside","1",0.32931
"825","1997","US","shoreside","2",0.15014
"826","1997","US","shoreside","3",0.73754
"827","1997","US","shoreside","4",2063.26922
"828","1997","US","shoreside","5",2284.30887
"829","1997","US","shoreside","6",17690.60503
"830","1997","US","shoreside","7",39037.26571
"831","1997","US","shoreside","8",26306.76673
"832","1997","US","shoreside","9",13.21224
"833","1997","US","shoreside","10",8.05126
"834","1997","US","shoreside","11",8.46494
"835","1997","US","shoreside","12",2.93792
"836","1998","US","shoreside","1",2.16953
"837","1998","US","shoreside","2",4.06827
"838","1998","US","shoreside","3",14.54217
"839","1998","US","shoreside","4",1899.83808
"840","1998","US","shoreside","5",1188.20563
"841","1998","US","shoreside","6",18687.13295
"842","1998","US","shoreside","7",29298.85116
"843","1998","US","shoreside","8",19601.33159
"844","1998","US","shoreside","9",13193.93384
"845","1998","US","shoreside","10",3965.25143
"846","1998","US","shoreside","11",0.71849
"847","1998","US","shoreside","12",0.07031
"848","1999","US","shoreside","1",3.6848
"849","1999","US","shoreside","2",0.00272
"850","1999","US","shoreside","3",0.01678
"851","1999","US","shoreside","4",10.4089
"852","1999","US","shoreside","5",77.46841
"853","1999","US","shoreside","6",16214.43166
"854","1999","US","shoreside","7",28483.06664
"855","1999","US","shoreside","8",31818.71961
"856","1999","US","shoreside","9",6858.53754
"857","1999","US","shoreside","10",2.3106
"858","1999","US","shoreside","11",0.4613
"859","1999","US","shoreside","12",1.18161
"860","2000","US","shoreside","1",0.24267
"861","2000","US","shoreside","3",0.00907
"862","2000","US","shoreside","4",411.88138
"863","2000","US","shoreside","5",2798.94525
"864","2000","US","shoreside","6",9698.79076
"865","2000","US","shoreside","7",23454.9587
"866","2000","US","shoreside","8",33240.86052
"867","2000","US","shoreside","9",16236.1688
"868","2000","US","shoreside","10",5.66446
"869","2000","US","shoreside","11",1.71322
"870","2000","US","shoreside","12",4.58083
"871","2001","US","shoreside","1",0.44543
"872","2001","US","shoreside","2",0.01179
"873","2001","US","shoreside","3",7.67614
"874","2001","US","shoreside","4",608.94322
"875","2001","US","shoreside","5",1382.69243
"876","2001","US","shoreside","6",12696.9413
"877","2001","US","shoreside","7",30111.148
"878","2001","US","shoreside","8",23005.5514
"879","2001","US","shoreside","9",5591.27575
"880","2001","US","shoreside","10",0.00771
"881","2001","US","shoreside","11",6.67144
"882","2001","US","shoreside","12",0.27987
"883","2002","US","shoreside","1",2.5002
"884","2002","US","shoreside","2",0.25945
"885","2002","US","shoreside","3",0.2649
"886","2002","US","shoreside","4",758.98114
"887","2002","US","shoreside","5",833.91959
"888","2002","US","shoreside","6",19921.46302
"889","2002","US","shoreside","7",24019.27818
"890","2002","US","shoreside","8",168.72366
"891","2002","US","shoreside","9",2.13324
"892","2002","US","shoreside","11",0.00045
"893","2002","US","shoreside","12",0.13653
"894","2003","US","shoreside","1",0.56064
"895","2003","US","shoreside","2",0.43998
"896","2003","US","shoreside","3",0.67676
"897","2003","US","shoreside","4",563.81078
"898","2003","US","shoreside","5",922.83141
"899","2003","US","shoreside","6",25524.37024
"900","2003","US","shoreside","7",24584.74775
"901","2003","US","shoreside","8",2551.7179
"902","2003","US","shoreside","9",1179.45538
"903","2003","US","shoreside","10",4.90606
"904","2003","US","shoreside","11",1.47962
"905","2003","US","shoreside","12",0.00318
"906","2004","US","shoreside","1",2.44758
"907","2004","US","shoreside","2",0.19913
"908","2004","US","shoreside","3",2.80547
"909","2004","US","shoreside","4",2474.72921
"910","2004","US","shoreside","5",4648.88267
"911","2004","US","shoreside","6",22464.62072
"912","2004","US","shoreside","7",44280.72819
"913","2004","US","shoreside","8",22628.98809
"914","2004","US","shoreside","10",0.00091
"915","2004","US","shoreside","12",0.00544
"916","2005","US","shoreside","2",0.00045
"917","2005","US","shoreside","3",0.05715
"918","2005","US","shoreside","4",1312.51897
"919","2005","US","shoreside","5",3745.20334
"920","2005","US","shoreside","6",25644.44975
"921","2005","US","shoreside","7",46098.20433
"922","2005","US","shoreside","8",28597.01222
"923","2005","US","shoreside","9",3173.74454
"924","2005","US","shoreside","10",479.84811
"925","2005","US","shoreside","11",0.11294
"926","2005","US","shoreside","12",1.0859
"927","2006","US","shoreside","2",0.01134
"928","2006","US","shoreside","3",1.78851
"929","2006","US","shoreside","4",2596.71834
"930","2006","US","shoreside","5",2881.94267
"931","2006","US","shoreside","6",30207.54817
"932","2006","US","shoreside","7",59700.40396
"933","2006","US","shoreside","8",9432.87428
"934","2006","US","shoreside","9",8188.69308
"935","2006","US","shoreside","10",11350.97398
"936","2006","US","shoreside","11",1856.51275
"937","2006","US","shoreside","12",947.53224
"938","2007","US","shoreside","2",0.01497
"939","2007","US","shoreside","3",0.47673
"940","2007","US","shoreside","4",704.98097
"941","2007","US","shoreside","5",2867.64362
"942","2007","US","shoreside","6",29500.41808
"943","2007","US","shoreside","7",35624.40405
"944","2007","US","shoreside","8",5255.79566
"945","2007","US","shoreside","9",7519.58492
"946","2007","US","shoreside","10",5859.71807
"947","2007","US","shoreside","11",3590.42674
"948","2007","US","shoreside","12",517.75035
"949","2008","US","shoreside","1",0.21442
"950","2008","US","shoreside","2",0.21557
"951","2008","US","shoreside","3",0.18999
"952","2008","US","shoreside","4",0.00635
"953","2008","US","shoreside","5",4934.76203
"954","2008","US","shoreside","6",36.92151
"955","2008","US","shoreside","7",944.70817
"956","2008","US","shoreside","8",29976.65378
"957","2008","US","shoreside","9",4469.28509
"958","2008","US","shoreside","10",19524.15965
"959","2008","US","shoreside","11",5483.87188
"960","2008","US","shoreside","12",2489.93476
"961","2009","US","shoreside","1",0.00091
"962","2009","US","shoreside","2",0.00363
"963","2009","US","shoreside","3",0.02409
"964","2009","US","shoreside","4",0.03302
"965","2009","US","shoreside","5",1791.80644
"966","2009","US","shoreside","6",25080.71847
"967","2009","US","shoreside","7",18906.2099
"968","2009","US","shoreside","8",1001.88689
"969","2009","US","shoreside","9",0.01715
"970","2009","US","shoreside","10",590.90181
"971","2009","US","shoreside","11",1183.15714
"972","2009","US","shoreside","12",667.57038
"973","2010","US","shoreside","1",0.01361
"974","2010","US","shoreside","2",2.18817
"975","2010","US","shoreside","3",6.18844
"976","2010","US","shoreside","4",0.78378
"977","2010","US","shoreside","5",2503.22026
"978","2010","US","shoreside","6",14166.6332
"979","2010","US","shoreside","7",6306.58321
"980","2010","US","shoreside","8",16039.76641
"981","2010","US","shoreside","9",10017.1399
"982","2010","US","shoreside","10",7801.87398
"983","2010","US","shoreside","11",5907.77618
"984","2010","US","shoreside","12",1984.14264
"985","2011","US","shoreside","1",0.71395
"986","2011","US","shoreside","2",0.56926
"987","2011","US","shoreside","3",0.52345
"988","2011","US","shoreside","4",2.02706
"989","2011","US","shoreside","5",6.07179
"990","2011","US","shoreside","6",10805.38582
"991","2011","US","shoreside","7",29451.02414
"992","2011","US","shoreside","8",33383.86821
"993","2011","US","shoreside","9",15383.65646
"994","2011","US","shoreside","10",10825.33138
"995","2011","US","shoreside","11",2282.13752
"996","2011","US","shoreside","12",4.80763
"997","2012","US","shoreside","1",0.78834
"998","2012","US","shoreside","2",0.85321
"999","2012","US","shoreside","3",0.58604
"1000","2012","US","shoreside","4",2.00488
"1001","2012","US","shoreside","5",2.34689
"1002","2012","US","shoreside","6",4902.66448
"1003","2012","US","shoreside","7",10791.79605
"1004","2012","US","shoreside","8",14747.76997
"1005","2012","US","shoreside","9",10378.67288
"1006","2012","US","shoreside","10",14516.65047
"1007","2012","US","shoreside","11",10026.60038
"1008","2012","US","shoreside","12",548.73836
"1009","2013","US","shoreside","1",1.09225
"1010","2013","US","shoreside","2",2.81953
"1011","2013","US","shoreside","3",1.76039
"1012","2013","US","shoreside","4",5.22674
"1013","2013","US","shoreside","5",3.49311
"1014","2013","US","shoreside","6",5953.67973
"1015","2013","US","shoreside","7",19987.59813
"1016","2013","US","shoreside","8",30305.4658
"1017","2013","US","shoreside","9",25492.81155
"1018","2013","US","shoreside","10",18189.78434
"1019","2013","US","shoreside","11",2194.33837
"1020","2013","US","shoreside","12",2.48433
"1021","2014","US","shoreside","1",0.93758
"1022","2014","US","shoreside","2",1.3009
"1023","2014","US","shoreside","3",4.60895
"1024","2014","US","shoreside","4",4.64501
"1025","2014","US","shoreside","5",4.73188
"1026","2014","US","shoreside","6",9774.89744
"1027","2014","US","shoreside","7",21720.43504
"1028","2014","US","shoreside","8",29029.96121
"1029","2014","US","shoreside","9",22833.71882
"1030","2014","US","shoreside","10",11192.37813
"1031","2014","US","shoreside","11",3627.55409
"1032","2014","US","shoreside","12",444.60494
"1033","2015","US","shoreside","1",1.27686
"1034","2015","US","shoreside","2",0.82064
"1035","2015","US","shoreside","3",1.52021
"1036","2015","US","shoreside","4",21.83594
"1037","2015","US","shoreside","5",1166.26881
"1038","2015","US","shoreside","6",8231.26227
"1039","2015","US","shoreside","7",17246.47232
"1040","2015","US","shoreside","8",16244.48587
"1041","2015","US","shoreside","9",9286.61704
"1042","2015","US","shoreside","10",4543.71687
"1043","2015","US","shoreside","11",1264.68121
"1044","2015","US","shoreside","12",1.59665
"1045","2016","US","shoreside","1",0.94166
"1046","2016","US","shoreside","2",1.55129
"1047","2016","US","shoreside","3",2.80774
"1048","2016","US","shoreside","4",3.43437
"1049","2016","US","shoreside","5",3574.76147
"1050","2016","US","shoreside","6",13979.95394
"1051","2016","US","shoreside","7",18939.35097
"1052","2016","US","shoreside","8",19016.87192
"1053","2016","US","shoreside","9",17873.68942
"1054","2016","US","shoreside","10",13186.2958
"1055","2016","US","shoreside","11",1172.70864
"1056","2016","US","shoreside","12",8.049
"1057","2017","US","shoreside","1",1.2408
"1058","2017","US","shoreside","2",1.97494
"1059","2017","US","shoreside","3",12.03789
"1060","2017","US","shoreside","4",2.94368
"1061","2017","US","shoreside","5",10303.80628
"1062","2017","US","shoreside","6",28658.00996
"1063","2017","US","shoreside","7",29507.79621
"1064","2017","US","shoreside","8",32695.60732
"1065","2017","US","shoreside","9",28372.30165
"1066","2017","US","shoreside","10",19265.71422
"1067","2017","US","shoreside","11",2018.07759
"1068","2017","US","shoreside","12",1.67013
"1069","2018","US","shoreside","1",3.56433
"1070","2018","US","shoreside","2",0.56105
"1071","2018","US","shoreside","3",1.09987
"1072","2018","US","shoreside","4",29.7611
"1073","2018","US","shoreside","5",12315.15215
"1074","2018","US","shoreside","6",26233.87399
"1075","2018","US","shoreside","7",30393.0103
"1076","2018","US","shoreside","8",31683.15043
"1077","2018","US","shoreside","9",25403.2198
"1078","2018","US","shoreside","10",8972.25047
"1079","2018","US","shoreside","11",74.94934
"1080","2018","US","shoreside","12",1.04825
"1081","2019","US","shoreside","1",0.38828
"1082","2019","US","shoreside","2",0.31616
"1083","2019","US","shoreside","3",1.34853
"1084","2019","US","shoreside","4",7.01766
"1085","2019","US","shoreside","5",12510.18675
"1086","2019","US","shoreside","6",22987.46849
"1087","2019","US","shoreside","7",34504.41691
"1088","2019","US","shoreside","8",33615.26038
"1089","2019","US","shoreside","9",25274.02649
"1090","2019","US","shoreside","10",17636.62685
"1091","2019","US","shoreside","11",1670.69532
"1092","2019","US","shoreside","12",2.62086
"1093","2020","US","shoreside","1",0.1554
"1094","2020","US","shoreside","2",0.2395
"1095","2020","US","shoreside","3",0.42307
"1096","2020","US","shoreside","4",5.28353
"1097","2020","US","shoreside","5",11857.59583
"1098","2020","US","shoreside","6",29735.20611
"1099","2020","US","shoreside","7",30157.052
"1100","2020","US","shoreside","8",28594.99827
"1101","2020","US","shoreside","9",22721.618
"1102","2020","US","shoreside","10",15503.41682
"1103","2020","US","shoreside","11",73.7836
"1104","2020","US","shoreside","12",133.77436
